,reg_logistic,knn,random_for,svm,deci_tree,gradient
0,0.4,0.19999999999999996,0.30000000000000004,0.4,0.30000000000000004,0.30000000000000004
1,0.19999999999999996,0.19999999999999996,0.09999999999999998,0.6,0.30000000000000004,0.19999999999999996
2,0.30000000000000004,0.19999999999999996,0.19999999999999996,0.5,0.30000000000000004,0.19999999999999996
3,0.4,0.19999999999999996,0.19999999999999996,0.4,0.09999999999999998,0.09999999999999998
4,0.4,0.19999999999999996,0.30000000000000004,0.4,0.4,0.30000000000000004
