,reg_logistic,knn,random_for,svm,deci_tree,gradient
0,0.15000000000000002,0.19999999999999996,0.19999999999999996,0.19999999999999996,0.15000000000000002,0.15000000000000002
1,0.15000000000000002,0.19999999999999996,0.09999999999999998,0.15000000000000002,0.15000000000000002,0.15000000000000002
2,0.15000000000000002,0.19999999999999996,0.15000000000000002,0.15000000000000002,0.050000000000000044,0.050000000000000044
3,0.15000000000000002,0.19999999999999996,0.15000000000000002,0.30000000000000004,0.15000000000000002,0.15000000000000002
4,0.15000000000000002,0.25,0.050000000000000044,0.35,0.050000000000000044,0.050000000000000044
