,reg_logistic,knn,random_for,svm,deci_tree,gradient
0,0.15000000000000002,0.19999999999999996,0.09999999999999998,0.19999999999999996,0.09999999999999998,0.09999999999999998
1,0.15000000000000002,0.19999999999999996,0.15000000000000002,0.19999999999999996,0.09999999999999998,0.09999999999999998
2,0.15000000000000002,0.15000000000000002,0.09999999999999998,0.15000000000000002,0.09999999999999998,0.09999999999999998
3,0.15000000000000002,0.15000000000000002,0.09999999999999998,0.15000000000000002,0.09999999999999998,0.09999999999999998
4,0.15000000000000002,0.19999999999999996,0.09999999999999998,0.09999999999999998,0.09999999999999998,0.09999999999999998
