,reg_logistic,knn,random_for,svm,deci_tree,MLP,gradient
0,1.0,0.8571428571428571,0.8571428571428571,0.7142857142857143,0.8571428571428571,0.7142857142857143,0.8571428571428571
1,1.0,0.8571428571428571,0.7142857142857143,0.7142857142857143,0.7142857142857143,0.7142857142857143,0.7142857142857143
2,1.0,0.7142857142857143,0.7142857142857143,0.7142857142857143,0.7142857142857143,0.7142857142857143,0.7142857142857143
3,1.0,0.8571428571428571,0.7142857142857143,0.7142857142857143,0.7142857142857143,0.7142857142857143,0.7142857142857143
4,1.0,0.8571428571428571,0.7142857142857143,0.7142857142857143,0.7142857142857143,0.7142857142857143,0.7142857142857143
